Pak Yadi:
DELIMITER $$
CREATE OR REPLACE TRIGGER kurangiStok
AFTER INSERT ON pesanan
FOR EACH ROW
BEGIN
UPDATE produk SET stok = stok - NEW.jumlah WHERE id = NEW.produk_id;
END $$
DELIMITER ;

DELIMITER $$
CREATE OR REPLACE TRIGGER updateStok
AFTER UPDATE ON pesanan
FOR EACH ROW
BEGIN
UPDATE produk SET stok = (stok + OLD.jumlah) - NEW.jumlah
WHERE id = OLD.produk_id;
END $$
DELIMITER ;

DELIMITER $$
CREATE OR REPLACE TRIGGER normalisasiStok
AFTER DELETE ON pesanan
FOR EACH ROW
BEGIN
UPDATE produk SET stok = stok + OLD.jumlah WHERE id = OLD.produk_id;
END $$
DELIMITER ;

INSERT INTO pesanan (kode, tgl, produk_id, pelanggan_id, jumlah, keterangan) VALUES

('P0004','2024-06-05',2,2,4,'beli meja belajar 4 biji');

UPDATE pesanan SET jumlah=6 WHERE kode='P0004';

DELETE FROM pesanan WHERE kode='P0004';

Script materi database hari ini tentang trigger. Bisa di share ke temen2 di grup

Nanti kita praktekan





==============================================================


Setting environment for using XAMPP for Windows.
ILHAM ARIFIN@DESKTOP-2TUQAJ0 d:\xampp
# mysql -u root
Welcome to the MariaDB monitor.  Commands end with ; or \g.
Your MariaDB connection id is 88
Server version: 10.4.32-MariaDB mariadb.org binary distribution

Copyright (c) 2000, 2018, Oracle, MariaDB Corporation Ab and others.

Type 'help;' or '\h' for help. Type '\c' to clear the current input statement.

MariaDB [(none)]> use dbtoko_08
ERROR 1049 (42000): Unknown database 'dbtoko_08'
MariaDB [(none)]> show databases;
+--------------------+
| Database           |
+--------------------+
| buku_tamu          |
| chirpers           |
| db_puskes          |
| db_simantu         |
| dbcompany_profile  |
| dbgame             |
| dbhotel            |
| dbhotel1           |
| dbhotel_project    |
| dbkuliah           |
| dbpegawai          |
| dbpegawai2         |
| dbpuskesmas        |
| dbpuskesmas2       |
| dbti08             |
| dbtoko             |
| dbtoko_jumat       |
| dbtoko_ti08        |
| dbweather          |
| information_schema |
| laravel            |
| mysql              |
| performance_schema |
| phpdasar           |
| phpmyadmin         |
| test               |
| todo_pra           |
+--------------------+
27 rows in set (0.002 sec)

MariaDB [(none)]> use dbtoko_ti08
Database changed
MariaDB [dbtoko_ti08]> show tables
    -> ;
+-----------------------+
| Tables_in_dbtoko_ti08 |
+-----------------------+
| jenis                 |
| pelanggan             |
| pesanan               |
| pesanan_v             |
| produk                |
| retur                 |
| suplier               |
| suplier_produk        |
+-----------------------+
8 rows in set (0.001 sec)

MariaDB [dbtoko_ti08]> select * from pelanggan;
+----+--------------+---------------+------------+----------------+----------+
| id | nama         | alamat        | hp         | email          | foto     |
+----+--------------+---------------+------------+----------------+----------+
|  1 | Budi Santoso | Bekasi Barat  | 0857654321 | budi@gmail.com | budi.jpg |
|  2 | Siti Aminah  | Jakarta Barat | 0812654321 | siti@gmail.com | siti.jpg |
+----+--------------+---------------+------------+----------------+----------+
2 rows in set (0.067 sec)

MariaDB [dbtoko_ti08]> select * from pesanan;
+-------+------------+-----------+--------------+--------+------------+
| kode  | tgl        | produk_id | pelanggan_id | jumlah | keterangan |
+-------+------------+-----------+--------------+--------+------------+
| P0002 | 2024-05-11 |         1 |            2 |      3 |            |
| P0001 | 2024-05-10 |         3 |            1 |      1 |            |
| P0003 | 2024-05-11 |         6 |            2 |     15 |            |
+-------+------------+-----------+--------------+--------+------------+
3 rows in set (0.023 sec)

MariaDB [dbtoko_ti08]> select * from produk;
+----+-------+--------------+---------+---------+------+------------------+----------+
| id | kode  | nama         | kondisi | harga   | stok | foto             | jenis_id |
+----+-------+--------------+---------+---------+------+------------------+----------+
|  1 | TV001 | TV 32 inchi  |         | 5000000 |    4 | produk_tv001.jpg |        1 |
|  2 | MJ001 | Meja Belajar |         | 2000000 |    6 | produk_mj001.jpg |        2 |
|  3 | MJ002 | Meja Makan   | Second  | 4000000 |    3 | produk_mj002.jpg |        2 |
|  4 | SF111 | Sofa         |         | 7000000 |    2 | produk_SF111.jpg |        2 |
|  5 | KP111 | Kipas Angin  | Second  |  500000 |    2 | produk_KP111.jpg |        1 |
|  6 | MX111 | Mixer        | Second  |  500000 |    5 | produk_MX111.jpg |        1 |
+----+-------+--------------+---------+---------+------+------------------+----------+
6 rows in set (0.065 sec)

MariaDB [dbtoko_ti08]> DELIMITER $$
MariaDB [dbtoko_ti08]> CREATE OR REPLACE TRIGGER kurangiStok
    -> AFTER INSERT ON pesanan
    -> FOR EACH ROW
    -> BEGIN
    -> UPDATE produk SET stok = stok - NEW.jumlah WHERE id = NEW.produk_id;
    -> END $$
Query OK, 0 rows affected (0.015 sec)

MariaDB [dbtoko_ti08]> CREATE OR REPLACE TRIGGER updateStok
    -> AFTER UPDATE ON pesanan
    -> FOR EACH ROW
    -> BEGIN
    -> UPDATE produk SET stok = (stok + OLD.jumlah) - NEW.jumlah
    -> WHERE id = OLD.produk_id;
    -> END $$
Query OK, 0 rows affected (0.022 sec)

MariaDB [dbtoko_ti08]> CREATE OR REPLACE TRIGGER normalisasiStok
    -> AFTER DELETE ON pesanan
    -> FOR EACH ROW
    -> BEGIN
    -> UPDATE produk SET stok = stok + OLD.jumlah WHERE id = OLD.produk_id;
    -> END $$
Query OK, 0 rows affected (0.018 sec)

MariaDB [dbtoko_ti08]> show triggers
    -> $$
+-----------------+--------+---------+-----------------------------------------------------------------------------------------------+--------+------------------------+-----------------------------------------------------+----------------+----------------------+----------------------+--------------------+
| Trigger         | Event  | Table   | Statement                                                                                     | Timing | Created                | sql_mode                                            | Definer        | character_set_client | collation_connection | Database Collation |
+-----------------+--------+---------+-----------------------------------------------------------------------------------------------+--------+------------------------+-----------------------------------------------------+----------------+----------------------+----------------------+--------------------+
| kurangiStok     | INSERT | pesanan | BEGIN
UPDATE produk SET stok = stok - NEW.jumlah WHERE id = NEW.produk_id;
END                | AFTER  | 2024-06-07 15:00:06.89 | NO_ZERO_IN_DATE,NO_ZERO_DATE,NO_ENGINE_SUBSTITUTION | root@localhost | utf8mb4              | utf8mb4_general_ci   | utf8_general_ci    |
| updateStok      | UPDATE | pesanan | BEGIN
UPDATE produk SET stok = (stok + OLD.jumlah) - NEW.jumlah
WHERE id = OLD.produk_id;
END | AFTER  | 2024-06-07 15:00:19.54 | NO_ZERO_IN_DATE,NO_ZERO_DATE,NO_ENGINE_SUBSTITUTION | root@localhost | utf8mb4              | utf8mb4_general_ci   | utf8_general_ci    |
| normalisasiStok | DELETE | pesanan | BEGIN
UPDATE produk SET stok = stok + OLD.jumlah WHERE id = OLD.produk_id;
END                | AFTER  | 2024-06-07 15:00:29.19 | NO_ZERO_IN_DATE,NO_ZERO_DATE,NO_ENGINE_SUBSTITUTION | root@localhost | utf8mb4              | utf8mb4_general_ci   | utf8_general_ci    |
+-----------------+--------+---------+-----------------------------------------------------------------------------------------------+--------+------------------------+-----------------------------------------------------+----------------+----------------------+----------------------+--------------------+
3 rows in set (0.030 sec)

MariaDB [dbtoko_ti08]> delimiter;
    -> $$
ERROR 1064 (42000): You have an error in your SQL syntax; check the manual that corresponds to your MariaDB server version for the right syntax to use near 'delimiter' at line 1
MariaDB [dbtoko_ti08]> DELIMITER ;
MariaDB [dbtoko_ti08]> select * from produk;
+----+-------+--------------+---------+---------+------+------------------+----------+
| id | kode  | nama         | kondisi | harga   | stok | foto             | jenis_id |
+----+-------+--------------+---------+---------+------+------------------+----------+
|  1 | TV001 | TV 32 inchi  |         | 5000000 |    4 | produk_tv001.jpg |        1 |
|  2 | MJ001 | Meja Belajar |         | 2000000 |    6 | produk_mj001.jpg |        2 |
|  3 | MJ002 | Meja Makan   | Second  | 4000000 |    3 | produk_mj002.jpg |        2 |
|  4 | SF111 | Sofa         |         | 7000000 |    2 | produk_SF111.jpg |        2 |
|  5 | KP111 | Kipas Angin  | Second  |  500000 |    2 | produk_KP111.jpg |        1 |
|  6 | MX111 | Mixer        | Second  |  500000 |    5 | produk_MX111.jpg |        1 |
+----+-------+--------------+---------+---------+------+------------------+----------+
6 rows in set (0.001 sec)

MariaDB [dbtoko_ti08]> INSERT INTO pesanan (kode, tgl, produk_id, pelanggan_id, jumlah, keterangan) VALUES
    -> ('P0004','2024-06-05',2,2,4,'beli meja belajar 4 biji');
Query OK, 1 row affected (0.010 sec)

MariaDB [dbtoko_ti08]> select * from pesanan;
+-------+------------+-----------+--------------+--------+--------------------------+
| kode  | tgl        | produk_id | pelanggan_id | jumlah | keterangan               |
+-------+------------+-----------+--------------+--------+--------------------------+
| P0002 | 2024-05-11 |         1 |            2 |      3 |                          |
| P0004 | 2024-06-05 |         2 |            2 |      4 | beli meja belajar 4 biji |
| P0001 | 2024-05-10 |         3 |            1 |      1 |                          |
| P0003 | 2024-05-11 |         6 |            2 |     15 |                          |
+-------+------------+-----------+--------------+--------+--------------------------+
4 rows in set (0.001 sec)

MariaDB [dbtoko_ti08]> select * from produk;
+----+-------+--------------+---------+---------+------+------------------+----------+
| id | kode  | nama         | kondisi | harga   | stok | foto             | jenis_id |
+----+-------+--------------+---------+---------+------+------------------+----------+
|  1 | TV001 | TV 32 inchi  |         | 5000000 |    4 | produk_tv001.jpg |        1 |
|  2 | MJ001 | Meja Belajar |         | 2000000 |    2 | produk_mj001.jpg |        2 |
|  3 | MJ002 | Meja Makan   | Second  | 4000000 |    3 | produk_mj002.jpg |        2 |
|  4 | SF111 | Sofa         |         | 7000000 |    2 | produk_SF111.jpg |        2 |
|  5 | KP111 | Kipas Angin  | Second  |  500000 |    2 | produk_KP111.jpg |        1 |
|  6 | MX111 | Mixer        | Second  |  500000 |    5 | produk_MX111.jpg |        1 |
+----+-------+--------------+---------+---------+------+------------------+----------+
6 rows in set (0.001 sec)

MariaDB [dbtoko_ti08]> UPDATE pesanan SET jumlah=6 WHERE kode='P0004';
Query OK, 1 row affected (0.009 sec)
Rows matched: 1  Changed: 1  Warnings: 0

MariaDB [dbtoko_ti08]> select * from produk;
+----+-------+--------------+---------+---------+------+------------------+----------+
| id | kode  | nama         | kondisi | harga   | stok | foto             | jenis_id |
+----+-------+--------------+---------+---------+------+------------------+----------+
|  1 | TV001 | TV 32 inchi  |         | 5000000 |    4 | produk_tv001.jpg |        1 |
|  2 | MJ001 | Meja Belajar |         | 2000000 |    0 | produk_mj001.jpg |        2 |
|  3 | MJ002 | Meja Makan   | Second  | 4000000 |    3 | produk_mj002.jpg |        2 |
|  4 | SF111 | Sofa         |         | 7000000 |    2 | produk_SF111.jpg |        2 |
|  5 | KP111 | Kipas Angin  | Second  |  500000 |    2 | produk_KP111.jpg |        1 |
|  6 | MX111 | Mixer        | Second  |  500000 |    5 | produk_MX111.jpg |        1 |
+----+-------+--------------+---------+---------+------+------------------+----------+
6 rows in set (0.001 sec)

MariaDB [dbtoko_ti08]> DELETE FROM pesanan WHERE kode='P0004';
Query OK, 1 row affected (0.016 sec)

MariaDB [dbtoko_ti08]> select * from produk;
+----+-------+--------------+---------+---------+------+------------------+----------+
| id | kode  | nama         | kondisi | harga   | stok | foto             | jenis_id |
+----+-------+--------------+---------+---------+------+------------------+----------+
|  1 | TV001 | TV 32 inchi  |         | 5000000 |    4 | produk_tv001.jpg |        1 |
|  2 | MJ001 | Meja Belajar |         | 2000000 |    6 | produk_mj001.jpg |        2 |
|  3 | MJ002 | Meja Makan   | Second  | 4000000 |    3 | produk_mj002.jpg |        2 |
|  4 | SF111 | Sofa         |         | 7000000 |    2 | produk_SF111.jpg |        2 |
|  5 | KP111 | Kipas Angin  | Second  |  500000 |    2 | produk_KP111.jpg |        1 |
|  6 | MX111 | Mixer        | Second  |  500000 |    5 | produk_MX111.jpg |        1 |
+----+-------+--------------+---------+---------+------+------------------+----------+
6 rows in set (0.001 sec)

MariaDB [dbtoko_ti08]>